id,X,Y
0,0.1664646683978377,0.47949486428426646
1,0.6480712651188881,0.3465039881910501
2,0.3917914557935077,0.4381549796359445
3,0.481162229906945,0.4334612798838712
4,0.6445258982757863,0.6196696331773636
5,0.6866070091688393,0.8438814223076123
6,0.7771593651742288,0.6614673572006546
7,0.07959878561818345,0.5396423418416599
8,0.5790996084750809,0.7324588770181835
9,0.27425569295754704,0.7673917025363242
