id,X,Y
0,0.11603605929583127,0.9941965399631238
1,0.8594888316987958,0.0952112031629413
2,0.3262448111718511,0.7496391875884506
3,0.5478572012878757,0.009864960635934006
4,0.9738745664565852,0.020673631172380857
5,0.07598615866175451,0.10569418788519436
6,0.13825151492393772,0.43471761522063934
7,0.7214609415071798,0.14107514939153232
8,0.4971889910703252,0.5613621086812528
9,0.38480294790885117,0.09399752681566997
