id,X,Y
0,0.3391090519355644,0.6709945940267844
1,0.4117497416473158,0.6623894964845978
2,0.45088923452609797,0.7746534415638968
3,0.649256722326975,0.6834766320725209
4,0.41920088854305826,0.7430262387610672
